condition,task_completion_time_s,wrong_detail_visits_proxy,wrong_selection_confirmations_proxy,wrong_touches_rule,wrong_selection_touches_rule
Baseline,42.023771333333336,1.9428571428571428,1.9428571428571428,9.583333333333334,2.1944444444444446
Ours,24.802223666666666,0.5,0.5,1.6944444444444444,0.5833333333333334
